Patient_ID,Blood_Pressure,Cholesterol,Disease_Status,Age,Systolic_BP,DiseaseStatus_encoded,Systolic_BP_scaled,Cholesterol_scaled,Age_scaled
101,120/80,180,Yes,45,120,1,0.185185185,0.272727273,0.318181818
118,118/76,165,Yes,48,118,1,0.111111111,0,0.454545455
116,125/78,190,Yes,55,125,1,0.37037037,0.454545455,0.772727273
102,,200,No,50,130,0,0.555555556,0.636363636,0.545454545
